{
    "accuracy": 0.9500454132606722,
    "precision": 0.8976377952755905,
    "recall": 0.7307692307692307,
    "auc": 0.9336182336182337
}